ID,Name,PhotoUrl
224451885,Terrance Vasquez,https://randomuser.me/api/portraits/men/85.jpg
170707121,Shelly Ramos,https://randomuser.me/api/portraits/women/27.jpg
328432940,Matthew Hopkins,https://randomuser.me/api/portraits/men/8.jpg
183679091,Ronald Lopez,https://randomuser.me/api/portraits/men/45.jpg
855708675,Natalie Carr,https://randomuser.me/api/portraits/women/93.jpg
272378283,Jacqueline Bishop,https://randomuser.me/api/portraits/women/78.jpg
502954993,Jackie Knight,https://randomuser.me/api/portraits/women/66.jpg
503771065,Allen Reyes,https://randomuser.me/api/portraits/men/67.jpg
544121484,Marie Flores,https://randomuser.me/api/portraits/women/52.jpg
182159441,Roberto Lane,https://randomuser.me/api/portraits/men/78.jpg
